Observable_1_Frechet,Observable_2_Gumbel,Observable_3_Weibull
1.219913784009668,1.1875486076944406,0.7800701001386197
1.263937015193955,1.3875134194958183,0.7341230717351155
1.5582218215684043,2.50609117539103,0.4154203021707581
1.1392473977507929,0.8614250846800614,0.8688833608979483
1.7296444855467017,2.7327035428759356,0.5266014923153644
1.2855751312693362,0.7490759870340445,0.2789738351570765
2.782329843002386,2.4565935005047383,0.8956110766166097
1.205812923099551,2.5873169800677167,0.7912128580021676
1.2168567900297949,0.8188297987233009,0.9192299519357598
1.2532281330536619,4.55940325082158,0.8950908242208986
1.4484752441503008,0.4525910436740416,0.7881324590341494
1.1961986237796096,0.554597449229033,0.9153612781268061
1.2160047371512275,0.9437447348089453,0.8810873823146774
1.2500021002023216,1.8060579975683515,0.6877194500309176
1.4236553048939702,1.7428407465283215,0.7426701554541113
1.2173316502358502,1.6577737925683251,0.8467306424240455
1.0922044142583964,1.4308686530665233,0.384442180389281
1.1490137706310937,0.9597985373288016,0.8764013444870096
1.797850845706047,1.6851915208398252,0.6400521442902165
1.0960751504611097,2.181976877127036,0.6147473079841139
1.1665848789277038,5.259852806761159,0.5089367595829668
1.3835384300360243,1.1469189819387968,0.4061769573217944
1.2692210191271913,1.25562398872655,0.8708537029869501
1.1737162050256145,1.6706184328602147,0.5666040634056411
1.322302961760482,2.270890484040541,-0.06014117044219791
1.4516612271758238,3.7613059569197365,0.7733153522814333
2.062339856379886,0.5167295927579442,0.7068113544850609
1.0808820257997014,0.7863221571177103,0.13829874092055072
1.1058427488224702,3.3826941145480367,0.7484998892731372
1.2169707119191298,1.4641930642752643,0.5623641513578168
1.0919753462680666,3.586121118569768,0.7946580656794395
1.148491323037762,0.5398041544574469,0.9235866883318964
1.8310738176119947,0.87921370402785,0.9095455617347559
1.0930969930717893,2.439607237971703,0.8575036837805454
1.1532489403553186,0.9065190001779543,-0.0032934050479247468
1.6010576594248223,2.1004759889911875,0.7683449146189121
1.1263360219858767,1.20254970662881,0.6848355919574258
1.3941313160844788,0.5649808812364774,0.5016011876285915
1.542785325086696,0.9925297824325418,0.4371087093533592
1.4445727919244191,1.5105729156981968,0.8621506522684956
1.198818465847691,5.574511814577726,0.3454827895200949
1.20782066080755,1.12865296270503,0.6775885945522604
1.2228843191228351,1.1916847456157038,0.5492257940136875
1.2773131778114237,1.405399408412424,-0.11847423941573565
1.8795923815052544,2.647907473610139,0.9204139826136628
1.0894943018827414,0.787360972493264,0.899242440917944
1.1382968869616175,3.409849629557689,0.8107453869766759
1.6743920003675314,1.453858144084561,0.7580438406811245
1.311689634570185,3.3625861844681246,0.6309157325423074
1.5276752470856378,0.5737195944866665,0.70508658538125
1.4753301963780436,1.0327447383203932,0.7794005790969758
1.1772234719412165,1.32290450429488,0.9028690885085664
1.302489819047649,2.0246979130245126,0.8287830717398925
1.6398331163128,1.3018809619479865,0.656549776737001
1.3322630686475687,0.7291617090699057,0.6346785486968463
1.4051872279688054,2.181661246904938,0.5973586129912096
1.612292432728168,5.147359478646041,0.40120069548496895
1.3560320734864941,1.1500041589065493,0.6321790525447244
1.324216633418284,1.2567384763916276,0.7026908454633549
1.2826989588584012,1.6829387690655429,0.7747257837419665
1.1964348493179453,2.2177012389444326,0.8969055628433726
1.2144158494747184,5.083221877421721,0.7983555811861709
1.245237939555451,0.4338963456685434,0.9283704049546369
1.392749626074244,0.4920600039042353,0.9252763709647913
1.2552533004021353,0.6927455786887802,0.9149933286786971
1.1491150699835586,1.771361792061515,0.8798212550333009
1.7914410483567016,1.7313141932030356,0.6745610078348205
1.0962389154307501,1.6161745482287382,0.714640916216265
1.1674266586213229,1.337181908820945,0.7992330928662925
1.370575603414979,0.7929123396221206,0.7989026923299716
1.2945092212234013,3.6643813686794426,0.7991179275283449
1.2189776584797227,1.3558100334513503,0.7992166645402903
1.0948340169748632,2.2417291812940987,0.7995857807479008
1.1613984687819965,1.0579024270416513,0.8004583936021961
1.440037891820452,1.229550969048419,0.8033782135406216
1.2028403089401212,1.5553467873909934,0.8116517713646869
1.0723093959065737,3.3806226935689083,0.8341869355611651
1.0771913908898876,1.4661368580373615,0.8878917190159621
1.0932533101375415,3.6783322020498184,0.9858347149721927
1.1534732725035863,0.5275254378175612,1.0143493273465034
1.6014523775809346,0.8299603719634708,0.9128122661538247
1.1267879352742498,3.67719973314609,1.0228446829165108
1.4021334906390814,0.5280821456466441,0.9575867019091653
1.587399405392345,0.832779949585208,0.931492766107733
1.3779180666556552,3.563525241604122,0.8074644353264171
1.2790708515360285,0.5422336395256806,0.8228640456919778
1.1896102929087111,0.8895817258419252,0.8624318826680692
1.241252085086414,2.3068586824355415,0.9428310667772977
1.3678681581251186,1.0034259652635555,0.8706487214722065
1.2978739124527383,1.4518052140066313,0.9579825543475899
1.225138513984134,3.3400483012934212,0.9331185619872278
1.1033099317187158,0.5779302700948329,0.8181374789483218
1.2044975345110753,1.0535464955621001,0.8510638128330523
1.0747179365330586,1.252012626943997,0.9222602361492351
1.0845579195540203,1.6587463235506352,1.0363786380616562
1.1186997031575427,2.342672478381561,1.0125458605449529
1.311709802850351,3.1017309738619714,0.9012488319343741
1.256070698074734,0.6294492846673072,1.0061957414622444
1.150199434016162,1.3277003108792313,0.8554529570490297
1.7222263396039028,0.7742103230016402,0.930626220546966
1.1039697778438173,2.9934270640083773,0.8028906758949916
1.2069996590500767,1.7006517391511868,0.8100141217901291
1.0776489935102436,2.114789229363072,0.8304464162365779
1.0946087346718019,3.4969129986356613,0.8795312811487586
1.1599945631578188,1.4227614996776994,0.9723473074651543
1.464510462394851,2.9179536790771636,0.9786609088122715
1.1836191591793166,0.6850565328649877,0.9959490579371264
1.2667887860483311,1.730572738644708,1.038036174163702
1.596777589298905,1.6265066046108227,1.0188524805312908
1.1283411635043847,1.3584374299104234,0.9380265921396655
1.423360007717997,0.8245667610274412,0.8467669210385942
1.832029064883154,4.074149485957844,0.914077402083959
1.2575904021897906,0.48481423197475276,1.024825865136821
1.4885428149325544,0.6679834870307233,0.9667187071347787
1.1691504693862487,1.5817669780614942,0.9615170107601376
1.361187695539612,1.2583653595791349,0.9451804065179961
1.312960372543512,0.6565951312355429,0.8816429101099243
1.2566697950747225,1.5022329705379842,0.9758275115762054
1.1509993544559072,1.0940302069061514,0.9884645435349058
1.6815807398097165,1.1134652657499,1.0207263702197626
1.1096307459511874,1.1428405883443313,0.9472992989141626
1.2406475807788668,1.2341314822109397,0.8913448027036233
1.1255499972389784,1.5840071493363446,0.9912864766515794
1.3861439150622794,3.009496330416804,1.0274627542539925
1.4923066893145198,1.6933958205305755,0.9784351245189185
1.5901235803737162,2.1627538305323877,0.9953992180550859
1.129910310683599,4.496559848651424,1.0367200799828036
1.4497514862486611,1.2010175718220149,1.0142441706853087
2.2642092037090777,1.4533781425955725,0.9116737238675576
1.0760386563506943,3.385363961612373,1.0213366847920315
1.0896356828110163,0.5696642625193187,0.9501816396359202
1.1384713217487203,1.0156414815937598,0.9029464755137635
1.6746653961227127,1.4019512162127186,1.0088359535731133
1.3103797564801192,2.6379171282016265,0.8770816152754393
1.542669552148224,0.7968004815828792,0.9686671471249058
1.4417309813427448,3.9958838191794874,0.9678200538752266
1.2008834487821078,1.2880050721757899,0.9650453333123914
1.2013265455578788,1.8253419112004297,0.9564091945987669
1.2020481731701231,1.6936011683403431,0.9272680840189276
1.2045921638722177,1.5199478550329075,1.0430745061226208
1.2123261678387272,1.1332132450188435,1.0352519598603687
1.2378470907850225,0.46010821570695926,1.008706355637916
1.3479144228772815,0.5798451470704135,0.8750851127807675
1.3486676489498473,1.0611607492658774,0.9651719129069711
1.350835503710529,1.2197902212357215,0.9571321082261122
1.3561279475610992,1.5221667520058817,0.9293860057785905
1.3701815610173291,4.500882293142425,1.0457970899560445
1.421963442167991,1.203379918777893,1.0438739582240113
1.7896244763499844,1.4509658664234961,1.0377407857968235
1.266444630084297,3.3278716267633746,1.0175631695014247
1.6004311263611974,0.5811943471558677,0.930923160791812
1.126889966060752,1.0636025643294393,0.8046750951220119
1.40372967286121,1.2091992503499855,0.8163263717961791
1.5999222298406062,1.4722906399189644,0.846303523117734
1.3657817109835035,3.7973738783493056,0.9123394632281145
1.3017953336114056,0.5092639443235203,1.0221923178027823
1.232984842373569,0.7570173984269366,0.9540727004447538
1.1147245510569488,2.5924497646009033,0.9183149792327823
1.2768508569721573,2.2159307492978124,1.0308135084945982
1.1865017143344105,1.0812894203145154,0.9921296877473282
1.252928473989656,1.1501568495668313,1.0294720985913655
1.4442263166666247,1.2584031463198027,0.9864622165484525
1.1997943744158177,1.67454774070329,1.0160619819197338
1.2042699239033272,2.2672583018615384,0.9229107742906675
1.2115632373320757,3.7748166664925034,1.037141225107271
1.2342337968165678,0.5172195281325399,1.015315465143696
1.3284819428712888,0.7853030209220423,0.9183616245797943
1.4204827252791132,3.364224885371143,1.0307974917218239
1.768657259035545,1.4708144558728993,0.9920942988830224
1.2742353183267094,3.8303391260953243,1.0291700445465404
1.7592655239422572,0.5074515020538757,0.9853540864698287
1.0999223588615716,0.7471465830845712,1.0129828307760678
1.1859336532806586,2.433336581595375,0.9050857217642938
1.2553724648052051,2.6590337193705307,1.0121035291015978
1.4666111818643366,0.7832403206244325,0.8987824369243225
1.1830600392277462,3.264337543153218,1.002441753433463
1.269952721193614,1.5260290457748853,0.8239325695586077
1.6549335762074695,4.233536138627079,0.8643502151387106
1.114820556479759,1.2422967129467744,0.9464692556259098
1.2791411207023278,1.6164780096082312,0.88772189275049
1.1898619661018581,2.613783066068488,0.9855208837453526
1.240288137318252,2.1682215599759336,1.013513842267113
1.3612341728601285,1.1267866638660853,0.9074253405199313
1.3130629327101557,0.4499079996146296,1.0152817798648077
1.2596598318477088,0.5432761111600861,0.9182334619543902
1.156960865929634,0.8915108621059689,1.0303880855281453
1.5152554283867552,2.27137128444551,0.9904764032116935
1.1554505410712763,1.0297066480171737,1.025561813568598
1.5390503874956374,1.3388079577672203,0.9701957121041787
1.1462038812845494,2.116197740076142,0.9726046890396214
2.196991091044913,1.1971929439992586,0.9791147128089697
1.0769156410119003,0.5569472577540038,0.9971662286622036
1.0921651444837772,0.9530364379085504,1.0408055525914033
1.1491079112851652,1.7281074009225286,1.0278996173507164
1.7918011074344826,2.0018177086626325,0.9800665569561904
1.0969911382651476,2.6346999329648475,0.9998630074600574
1.1710128754415894,2.122510489772539,1.0464351637195972
1.3439086151954145,1.181127616053265,1.045689503673883
1.361972437629127,0.5350170724118143,1.0432903473771844
1.3926997412437874,0.8574296447865665,1.036149836495202
1.5354463521175552,2.8136346408983037,1.0121534004997566
1.4566651106258868,0.7192573953922697,0.8991207031617681
1.1893913679663646,2.051065610549123,1.0031619259089224
1.24062201456371,2.935415929582252,0.8309510001600597
1.3612524105321946,1.7465605128529593,0.8806429045692532
1.313177392678151,1.9445316372879113,0.9742160838126923
1.257698980202321,2.3438311208699276,0.9840902677936558
1.1530143228841765,3.1052374900862802,1.010051788936645
1.615442886444688,0.6315167329159491,0.8852292213162569
1.1231392907563007,1.3412543938943429,0.9816194896754142
1.355062036210344,0.7969813668195929,1.003801486384912
1.3690216545850213,4.010058608986725,0.8353396186335922
1.4160564398892967,1.278346738999262,0.8899970251014162
1.71855756573661,1.773725626338263,0.9890095618931933
1.2898891450648295,1.8520828552289572,1.0220374854783234
2.001133357704631,1.985566709516135,0.9538325544647286
1.230529410093263,2.5257763133742404,0.9174356918841373
1.310112290356044,2.3717033807898624,1.0295628224853242
1.543781383079926,0.9511009823460586,0.9866801148949731
1.4410394203155195,1.7332930304053755,1.0167795242823572
1.2023440437469373,1.9960190226538335,0.9264919433943224
1.0719260952357998,2.6210361877851973,1.0418002612482673
1.076086611828587,2.162383881828539,1.0310899638487714
1.08878065607635,1.1378466122073123,0.9927208884592296
1.135350334939507,0.4629804080468372,1.030345265736412
1.5677329342275395,0.5894515663547919,0.9899131715231648
1.3985562759320433,1.1012661186307497,1.024319411112383
1.2466449677189946,0.4091226683281892,0.9642208993009234
1.1351454232647835,0.41551490168408417,0.9535335912399261
1.5596923867302903,0.4362287889531648,0.9168639362061319
1.4136092924849775,0.5015315426001229,1.0288621276461924
1.2292967805982196,0.7261315935518148,0.9842891567927212
1.1094156664321122,2.1291747135154493,1.0104592272670245
1.2390105691428805,3.7349900376588403,0.8883041893520733
1.1238889656028852,1.3359849826022432,0.9866080316886237
1.3614030377454729,2.107609506915872,1.016356691413908
1.3915221911437377,1.1966428358811105,0.9240838743213777
1.5228422950023668,0.5552885445749978,1.0387918615122618
1.4859456292236417,0.9417675047860359,1.020863973638836
1.1701506304530271,1.8134274237069408,0.947614805616944
1.3537741794640132,1.734313491490775,0.8928548129509444
1.3315228920231175,1.6314630919171103,0.9937099487309449
1.302298772954987,1.3713161951179003,1.0328697540439569
1.2349904133501104,0.8476735386038452,1.0000134413385102
1.1183040774787065,3.0274727187361887,0.7996409273420819
1.307804070723,0.651085244410152,0.8015204855327165
1.2467617045800368,1.4708979169315597,0.8072003892754016
1.1354591823055014,1.0341200555627053,0.8226462030315436
1.5773365025808652,1.3237243807691486,0.8615388732154416
1.3921033175084216,2.0228854970877594,0.9412782107334559
1.2550313679410903,1.3042056513167415,0.8625957123859294
1.1483796168944498,0.7313771542164237,0.9438479839032006
1.8505373426694829,2.222593554987088,0.8751694385724613
1.0913518112102611,4.684234910468389,0.9652623921195589
1.1448446693042453,0.44775130448596057,0.9572429106189437
2.7547572640831004,0.5391199356559068,0.9301257762687487
1.0716285923186768,0.8789634753982384,0.7985654598689587
1.0757332912865538,2.4209164503423435,0.798161129178576
1.0883843837423455,0.9144391068537414,0.7952357705722131
1.13377890892101,2.0285236120763765,0.788598451017245
1.5293740674968481,1.3013998964109648,0.7669933990783755
1.4716507969195263,0.7283492454681358,0.6779296060225326
1.1792363363203027,2.1641393313076653,0.541686378118742
1.2877211188313666,4.591701031410561,0.09373755894113511
2.163977337082009,1.1909296331692953,0.9125849965419461
1.2208161070873662,1.4014505296149433,0.8701099254942024
1.2698897906703015,2.604526672905077,0.5551650669177961
1.655216794430146,0.8066377358150436,-0.46817731497537496
1.1145759683715961,5.229449913187844,0.9264116694438245
1.276125525357007,1.1471804300672455,0.9188515886130169
1.184398283076873,1.2495834384272633,0.8934381978917438
1.263558673241102,1.6454994948119586,0.7785497539133459
1.5583406956928616,2.4302112013690826,0.901550874805811
1.1393048268484094,2.644442512264842,0.8223875734514627
1.72572184699275,0.7917851734572353,0.7008559743237948
1.2868765745846693,3.671198627419934,0.3095115417544674
2.310351423688801,1.362089486265137,0.6985296619651515
1.2142138092863792,2.3049800267679976,0.3317084026615549
1.2438179759197752,1.0008001977574335,0.6848658183110781
1.3837102306032274,1.4649654189469177,0.49543388592166293
1.269956385572718,3.574675388370335,0.45647595885514836
1.1737640232713744,0.5365871326165563,0.8551027831274753
1.3229479324953257,0.8667368880508444,-2.348488105841409
1.4518546670626447,2.6360709696952864,0.9298569492137296
2.108209260247137,0.7930410360632665,0.9291796069460705
1.079537492565727,3.7862884928305918,0.9277253648630532
1.1013536839123248,1.3248104269868666,0.9230337931315526
1.1932761283865871,2.032398760325987,0.9077925294183855
1.225244273372625,1.2942159629026282,0.8517817233926794
1.2870195526764798,0.7159273698072184,0.141486062519389
2.315374622341889,2.0253310613137416,0.9092005220192036
1.213388143569277,2.7691178277239064,0.8566499564250336
1.2407913455404629,1.93809395640999,-0.13862838284778434
1.3651508937056167,1.4454649035559686,0.7798093505118957
1.304502668195693,0.9802696863923629,0.7340762952725561
1.2401405943621433,1.5684864250403525,0.4053632200694455
1.1260976661500317,3.152401958273225,0.8716819162484086
1.3918674245831266,1.5886712298067929,0.5766781231754627
1.525555679673216,2.912435154146861,0.19078541600201437
1.4753516913028974,1.7683569165547675,0.7380505316248247
1.1763676997080297,1.8630554381370819,0.4599292174938445
1.3089953569371942,2.0167896272694326,0.8543382616734532
1.5556816609497293,2.6802986517574467,-0.24952761083426145
1.4215498103106967,2.0598283800688457,0.9237918578353492
1.2192581955142374,1.2567405127284343,0.9106341159986446
1.0947668642445245,0.6534090799701621,0.8619603433677965
1.1609991113858418,1.4824139823923463,0.3361472409326183
1.446296921511899,1.057790531654296,0.6819389436325196
1.199068335571053,1.2332231644566545,0.5176230873652528
1.2065009709142358,1.5799077532884775,0.3534834936374667
1.2168039099646089,3.0253010319690645,0.8832453222580428
1.2536924087032055,1.677701468467918,0.7068255121992126
1.453841161284936,2.2392845889285558,0.7834212216689509
1.1922080481793276,4.234577291408309,0.9084343051874928
1.2295654505559086,0.4732789280482485,0.853365524514496
1.306261583156693,0.6255560947459275,-0.03364243867358985
1.5805895190667154,1.2957974894084554,0.9179999571165847
1.385449302324417,0.7200491888209342,0.8910189993100806
1.2664639740838937,2.0698223691291493,0.7620948298995431
1.1687835199692014,3.0706602323601455,0.8770273380046327
1.36198314752216,1.6372057460724603,0.6459730309857088
1.3098042573585968,2.4753723276627766,0.6356119367379784
1.2512154689451684,2.5183960204510814,0.5992315458904365
1.142712708551452,0.8565779150917431,0.4258016827489861
2.0450343004064084,2.81351984617054,0.6061650440966557
1.2268826157975634,0.7202487798688421,0.7471708955567011
1.2940497931461474,2.0619876379300344,0.8553927104016426
1.813352240191074,3.0440072547829047,-1.09026025333314
1.260096230847978,1.6553597098789201,0.7969576209398752
1.506331068368268,2.3551684723458686,0.7919406285492743
1.1597247493247698,3.0009632811688856,0.775600022615414
1.4629436743365198,0.6585581228811456,0.7154498149606012
1.1849099123500384,1.5117038746480174,-1.4203445386232514
1.260307645794139,1.111182895731205,0.9296542082305315
1.5148553241272606,0.4245849272192967,0.9287710517906707
1.1568510161443808,0.46207301879413326,0.925922403820562
1.5131398626127734,0.5854813347477089,0.9174068969148839
1.1569384734782706,1.0906821249395044,0.8889336519735591
1.5177718133026674,1.1230941876282272,0.7486049587552219
1.1549418625210275,1.1757632301697902,0.8564024288655001
1.5610859207735188,1.344014653519275,-0.260161174584161
1.1390627775543427,2.1601943687163847,0.78396347118982
1.7175277096645705,1.1364306968542424,0.7496034338384372
1.290086909313182,0.4632562104584429,0.5771360855352188
1.9865527439778632,0.5895536829152253,0.7817022261126092
1.232329495889527,1.1063968202066132,0.9058252219547056
1.3206729915701292,0.418466120764261,0.8423244185063457
1.4646754299816085,0.4455394553352561,0.4998716713307483
1.7815986177124705,0.533240378673373,0.8357841827989081
1.0970374353861716,0.8532087374821274,0.5943387134556859
1.1708116791451821,2.877317415299729,0.7617655759518815
1.3468925528936226,0.6954012695682227,0.8765130076955749
1.3527295222062061,1.8138485354505904,0.6399306094394872
1.3647441125719801,1.8515827782743304,0.6148069487115306
1.4036413889492139,1.9844682737449035,0.5109331327158555
1.6075820337867126,2.529532234666799,0.39909333356759435
1.3580365725708279,2.364019516281862,0.8727879180367109
1.3220841520025939,0.9584464400030721,0.5943832952895127
1.2790080770757046,1.6967675379993936,0.378707513117426
1.1894847716467438,2.13130656803541,0.6542982523136807
1.241266495027436,3.803676634114366,0.6462957368391224
1.366358360798981,1.326560084805756,0.6321715561436576
1.3012352360599022,2.0347815639163884,0.5812616283716538
1.2321810990979882,1.290308106395738,0.2611560099490198
1.1140827000616567,0.7088635053928483,0.7187498727883501
1.2740412255442766,1.9457490283720966,-0.11456249749363856
1.18173386107296,2.361014830594029,0.920841882658429
1.2758196005376745,2.9848967627270535,0.8998556182113437
1.8340697621529958,0.6640833368026171,0.8133949518489372
1.0923120959917416,1.5601918853831023,0.748043773757757
1.1505437580253572,1.216716943997398,0.5603783302425986
1.7032499862633346,0.587851089240018,0.7973163828352743
1.1067962382936016,1.1005048005876121,0.9276132951202494
1.223279542756103,0.408106077119484,0.9219365313032979
1.1007271278493802,0.41246134350353875,0.9042103688242336
1.1898910894879058,0.422571461858784,0.8345766358104381
1.2386096297200189,0.458621426263442,0.6060014299441607
1.3510746007856917,0.573074575682706,0.7471495499305043
1.3391709451042302,1.0257207908163537,0.8540808654469028
1.3230220295830333,1.3516743565509264,-0.1979869083214747
1.2807117599821816,2.213020918229365,0.9230896019066042
1.1931691516781602,1.0890909257487118,0.9082582798124814
1.2257404004906844,1.1237501595231068,0.8520343203224001
1.2903762554605016,1.178266606452825,0.11605047183279638
1.9944911366495413,1.3624230447202772,0.9107475955845534
1.232561840489904,2.2914259265797563,0.8630959648711334
1.3210109726772066,1.013192408780769,0.385362342496546
1.4608660287083879,1.4012347098207254,0.6487258840584074
1.865136083337159,2.6218174378182084,0.6630021441587355
1.0906184919580864,0.7993535491827711,0.6826793192618836
1.1434325614310346,4.185797322793209,0.7318001157677856
2.1544994994041167,1.2506539674719548,0.8288231926219578
1.2192452510090677,1.658938656494856,0.6587985635785805
1.2620127742680183,2.360293844877953,0.6316152060284121
1.5374212847688893,3.018778180584783,0.5852110063096305
1.1467065578412128,0.653943101691164,0.28710757394000175
2.031708420332508,1.4835142354596447,0.7056239593644389
1.081659745578194,1.0573726987925292,0.20829946695882406
1.108110642601969,1.2323928255910335,0.7342548595129617
1.2304409428043965,1.576612636671113,0.41455489090620046
1.1116799877286938,3.123857793406545,0.8687693647879844
1.2547958079203143,1.5999566847511728,0.5247621368536499
1.148498722889287,2.7922111476573686,0.3128272823702174
1.8335307394983842,1.9072887729099675,0.8906185706027394
1.092584811320442,1.5090442405128548,0.7613306767788712
1.1511698916111874,1.1120831685338646,0.8763726165921377
1.6816233904542368,0.4266297533286675,0.6385470287699739
1.1102363167729028,0.4703144471547092,0.6073334146386935
1.2462779921565112,0.6126924097121219,0.4698145031398566
1.13531604602211,1.2301256647260375,0.53192890084786
1.5658463138628391,0.6104332791245843,0.8174826305388068
1.4068764157851705,1.222225979823363,0.7280843737644012
1.237430930431919,0.5940918420320894,0.30473685899969905
1.1214915771047116,1.1317709894256303,0.8920493260340696
1.3364230758570024,0.45696075860384355,0.7700262722752456
1.3160425547865349,0.5690345827789844,0.8893186163395721
1.2636964004921147,1.0130688626341966,0.7526110630835152
1.163916644065383,1.4000429968463577,0.8639223835881824
1.4077470327437944,2.6025698628411384,0.4111894848917943
1.2362428507943106,0.8117434846095803,0.625343045505165
1.1199967415261411,6.2659368469629335,0.7147254054707617
1.3240752997774938,0.41525090042995333,0.798733566340132
1.2848182642568158,0.4366910904713139,0.9298473629951369
1.2001936787319196,0.49736586217925477,0.9295938747286181
1.2040065208637039,0.7115024304942489,0.9284758764655467
1.2101734595144256,1.9609933191676738,0.9248876140504552
1.2296585816307963,2.421090641850424,0.9140878511592798
1.305240598871579,2.702769915476238,0.8770287579263514
1.6087747355853772,0.7661442087447481,0.6437560313520423
1.3555078032542474,2.791208138724821,0.6259961861760868
1.3266004042981976,1.9076586981314958,0.5617803417188438
1.2900996707327639,1.5137225683347688,-0.42384003449881025
1.2100368268531632,1.11914707777437,0.7898087759521957
1.0827498257521027,0.4360618849369116,0.7698228437478172
1.111858854178863,0.5007299167216802,0.6899095000870155
1.2563786974217592,0.7254530862754635,0.4504838614105733
1.1506526365986678,2.126255911205748,0.5712162595650219
1.6976287566147652,3.7537377407614616,0.7869851239843086
1.1074421547790716,1.3278292162974865,0.9133343565451464
1.2252960200721075,2.055163597171058,0.8733351628782913
1.1037932290287442,1.2664546865804214,0.6018387460530357
1.205130955071029,0.6691456846608612,0.4379460199298284
1.0753005430093139,1.594523168148811,0.5911838258859659
1.0867565673522315,1.28855932345305,0.766150669184315
1.127337623294285,0.7049683969154839,0.8846772268287979
1.408763827833684,1.8896807425600914,0.7169414786447621
1.6472852173727974,2.103599003257013,0.8022592463499469
1.325566620221136,3.422883699778307,0.7897191199706637
1.4378775743758754,1.4488088068668599,0.7702435878255935
2.3895942795638008,3.2934744115880443,0.6930305989188466
1.2107569305928876,0.587149280118521,0.4234582711998238
1.2335616497669901,1.090161746813279,0.6046270752367027
1.3251105071429543,1.1250156900295287,0.7482821638856152
1.4371115613978434,1.1700442820741386,0.8562659012404727
2.283399581671035,1.3319081014415923,-0.2621098687327703
1.2138696303843066,2.0744144629488193,0.7849707140394899
1.2424225858760438,1.240831191602527,0.7523695945717692
1.3725612791420687,0.6267769523294798,0.5952152468689382
1.2894915612574227,1.3197868468019067,0.7603112936902607
1.208048501780435,0.7610097006438991,0.874642681152314
1.0800854994089135,2.7299402317841657,0.6205069724754166
1.1029774440342834,1.9779840105386612,0.5363303483696014
1.2019002876238385,1.3757583743059711,0.17919522200389015
1.0715735336788959,0.8570415594533866,0.9061772142003603
1.0746232254798387,2.8172921106823576,0.8449663321169951
1.0843904515613225,0.723252476796714,0.44208883066338056
1.118592002277928,2.0922165816914378,0.8609479555676827
1.3092814173862743,3.2964288695844832,0.27002700300122395
1.2510679651517034,1.5100433527525596,0.7127678626756317
1.1434382373442318,5.5380673154633655,-0.28843249431572504
2.2551130973233153,1.1347917385829223,0.7862963048313585
1.215344833525427,1.2129615892560113,0.7566044206937079
1.2481579147073225,1.4859535653343703,0.6210692357163925
1.4121503981601204,4.41656867365448,0.7229171400946932
1.2303517866203248,0.46285810628562213,0.8137235156288827
1.1112270758136786,0.589425019527452,0.7457313554111984
1.250397652039516,1.1094992306500073,0.5363809855941903
1.1423454007017413,0.421954452484591,0.8159950161451848
1.9726083591900652,0.45856290544418105,0.7343551426672692
1.2347498588330634,0.5741938150121899,0.4168762297605735
1.3324191244787016,1.0343497930039427,0.8686410814284033
1.4048825499082394,1.3211387786670954,0.5261548633264883
1.6125959135545056,2.0098177059567184,0.29795380665325033
1.3538112889627905,1.3212721631538118,0.892933398554737
1.332574551619613,0.7628633717699257,0.7749742643874293
1.3033755730598782,2.7093128835463984,0.8964021642014011
1.237149432698279,2.0221193615568773,0.7944186001537823
1.1216177645032184,1.3080113207592972,0.9235116488773198
1.3393469716306534,0.7383219306337502,0.9096948298663159
1.3224170199914793,2.2870256250811454,0.8583479521596331
1.2804737178747227,3.532491088573575,0.09591487575190838
1.192322633027659,0.5471071291279247,0.7580002952112812
1.2300137424554853,0.9135167444151095,0.6292905870742449
1.3091686533845688,2.0409232636041037,0.7062264350818075
1.5579626608404982,1.2777753991474254,0.7832910174119379
1.418759645044714,0.6852667471224324,0.9086104419118548
1.2217474829237087,1.7168716205864134,0.8537295095235651
1.0987440985693375,1.5844707561165128,-0.11042181973474863
1.1785658855523269,1.2653472237482433,0.9205722528033315
1.2938048608793147,0.6672172905217572,0.8989734844241892
1.8421690521130498,1.5766114282321562,0.8089013495610824
1.2546487415179335,1.247528222956202,0.7652281167933015
1.461148934190817,0.6373917934661132,0.6688814310777915
1.1861858549256834,1.3781442548922345,0.5916675919148444
1.2540441803325297,0.8627612209997706,0.3601867714410809
1.4594936527751252,2.682545938138845,0.6679680411597138
1.187699881382211,0.773740493374061,0.5971784526258765
1.2474360968623606,3.021232544928064,0.39865922627340833
1.4070585080106048,1.6707348080362474,0.6385097809668894
1.2354030149620525,2.2828607168931576,0.6886031755223692
1.1181124669691087,3.627890160030458,0.7442949359208813
1.3037300112040224,0.5321917542110407,0.8505085005969781
1.2370863346740175,0.8491199604501429,0.23396599145500807
1.1210985447978015,3.015787401227723,0.9006668665263857
1.333088532454653,0.6563510565294819,0.8169721658732734
1.3066263410825147,1.4978964332247422,0.7306861490031673
1.2432248084182846,1.0885090003763085,0.3563628037026163
1.1308429445135657,1.1354541168433103,0.8825729518277856
1.4711906885960286,1.221397797858544,0.7007127617621001
1.71468197766139,1.525111758007587,0.7706101390650624
1.1054120918978965,4.262926123519165,0.8904135287487229
1.2147369693400094,1.2367435246588798,0.7595632225432187
1.0890831936536927,1.591231000679266,0.8736696300366351
1.1363917858348977,2.839033255593181,0.6057722217658787
1.5987908460529296,1.8504619756618177,0.4563397151717936
1.3668148030572391,1.6406473559443477,0.5597319591159906
1.3014169310214465,1.3995052695946462,0.7976131026207962
1.231795125852866,0.9034903775401221,0.9280616016215442
1.112761681285311,2.1224060137482366,0.9243705470620074
1.2630412426850322,1.1769162754138858,0.9121845430836735
1.1621619232531355,0.5271627057491567,0.8684287502200074
1.4346534535609898,0.8286308571865343,0.5203751329222954
1.2078757125385342,3.742473872846805,0.3388317101061922
1.0794848695947696,0.5191466319728884,0.885848061298615
1.1006173180783214,0.7933507780123078,0.7279504743666902
1.1886301132679946,3.735189186862245,0.8222114407457717
1.2440585296204403,1.3436144097415907,0.7013272266254469
1.3859104707481318,2.14013305273602,0.2880301142364976
1.2664985276679515,1.1604204173968804,0.706631327081382
1.167990039164171,0.4980410054962994,0.17446767668957697
1.3705051575749676,0.7131330529991157,0.7401109178185263
1.2933444021662386,1.980796423280421,0.4880718923677534
1.2173391073958453,2.509166685948951,0.8427596262326402
1.0920766999144742,2.419659746332889,0.48852512362537204
1.1481803697409672,0.9163238641309972,0.8418979366572483
1.851765698592541,2.0178349748249023,0.5031784276186324
1.0915003873260436,1.3240605416134388,0.835984111465782
1.1458488767803823,0.7666062043872928,0.5876524354059871
2.145482394677952,2.8243653164303497,0.7691148117125337
1.0781297583800695,1.8638246294988918,0.8880561851903706
1.0953163117431546,1.598011022431115,0.7424533455662279
1.1629594750444405,1.2988182460619198,0.8468024682994548
1.4241854813175556,0.725246589093043,0.39356922627100865
1.2173578253035213,2.1383542319687967,0.8750343558193558
1.0925471381806229,3.9443718792348457,0.6247336137674826
1.1515721982828577,1.2864212375116117,0.5546336547498407
1.6673813868383693,1.8082061029501422,-0.5363795986088671
1.1128328165331627,1.7436689686492919,0.9274838524142512
1.2621569063335556,1.650370112403075,0.9220829361518803
1.1606640057472957,1.4167599078289559,0.905030929624232
1.4551966136453414,0.9357587452769428,0.8392610540824501
1.1910375322480369,1.8500211897559178,0.549113541151526
1.235110597736042,1.6267319376844276,0.8067234404204573
1.3314988581980383,1.3545708323028987,0.7735916412892743
1.4059025022892375,0.8182056641031855,0.7088185276343324
1.6114364659729712,4.7599789369202705,0.08376357115360666
1.3533158256377753,0.44703549687872735,0.7562954065722562
1.3351923512172275,0.5349984839120616,0.6197388081365278
1.311034153472781,0.8591470085016881,0.7244662155293002
1.2544741971681335,2.7506874783350597,0.8159197700071235
1.1487703298784528,0.743879384543647,0.7379295498566993
1.833083695520449,2.3931503234580305,0.46589870038087877
1.0925851030875933,2.8239234769791857,0.8514471524471834
1.151785811357045,0.7130172402618241,0.17473802950865824
1.6631163169475476,1.9803273208776768,0.9062749309781775
1.1134679388278148,2.497263400370751,0.84430959363611
1.2680404484373953,2.461879062891779,0.4581242429134742
1.1698230390112225,0.8907714937202682,0.8547740686510001
1.3535601462493543,2.2618725379213878,-0.526813435175741
1.3311691430387582,1.036401346290941,0.926859749511787
1.300466424763096,1.31795907076195,0.9200810043617254
1.2318219574485914,1.9943630059966169,0.8979014165750852
1.1127708651694077,1.3522173509125293,0.8037781605877856
1.2634061427853984,0.8131268792432835,0.7834652024130637
1.1624982883856008,5.806943254473614,0.7468116585857649
1.4320415858562843,0.41735586547976866,0.5490377028728313
1.2101501637311558,0.4437333482005035,0.8061666098105376
1.0822214058261104,0.5236875039255726,0.7751153477048602
1.1101267298531257,0.8116888008367706,0.7134339376086312
1.2437054984861793,7.213931849719017,-0.4159899706450938
1.1309542887895199,1.1044368346211035,0.7897823930448395
1.4659559590105795,1.114857954752237,0.7697288639056103
1.7857003724315235,1.1472677054101783,0.6911649154870099
1.0969572560206173,1.2572533638825398,0.44086624700527843
1.171335996762484,1.6800545182764681,0.5851903565845893
1.342512907936008,2.217948688167633,0.7727957740439713
1.365681581912116,4.838077864174948,0.8934986720643081
1.411074681403695,0.44318618217961353,0.7787444510292396
1.67480169639109,0.5242273664212258,0.9020766268670901
1.3112312070569125,0.8130999280192798,0.8246208008144211
1.5343410232357653,5.6455185774112655,0.6862376245948825
1.4571310264667212,0.42292482884425525,0.48882292300039243
1.1889314368563235,0.4610407525870849,0.4816757585642357
1.2444086142646877,0.5821572413521026,0.845015378941065
1.3869460969290774,1.0695390379507759,0.44015348283496514
1.2629367707500798,1.1931794940562053,0.8609571860008323
1.1624564697510942,1.4164299726883032,0.2937922114624847
1.427774151003169,2.8028429827078725,0.7036184341494154
1.2142574095077487,0.7256948491258407,0.2555215442159784
1.0873601156152577,2.1210487838178893,0.720436663539058
1.1285356186196376,3.670648669834985,-0.003223235730133389
1.4230026278637402,1.3522803131612011,0.9171637508667989
1.8127991697075883,2.204611754239797,0.8867917724249148
1.2616912694258384,1.0881384355617105,0.7350208026316405
1.5321319523669978,1.1347909368591604,0.8345269391120238
1.1494023043001393,1.213805555039844,0.6068359270445318
1.7786376002580147,1.493295963160314,0.7462207887294454
1.0974345140600792,4.7338399652947505,0.852418783162199
1.1734157597625643,0.4487658811449791,0.0659781147684515
1.3260802368840099,0.5408907171002566,0.9140234446793023
1.433596687403907,0.8866571871610265,0.8758793374549345
2.0530877985107105,2.3376637513298237,0.6299536612652465
1.2271412413315372,0.9764645214402893,0.57601508774624
1.294048393228087,1.5858187669578694,0.16274376456489237
1.8279524625552621,2.9403038760560047,0.7436871767525004
1.2567602193224854,1.7404544381259983,0.5227293047715571
1.4804984282814615,1.968164857957748,0.8248277220065889
1.1740437179763343,2.441706421710799,0.6842324425502855
1.323766468674324,2.624384694851872,0.4981188736778588
1.4453583901680425,0.7971534368191764,0.45166726286722536
2.677924002531781,3.9711316720614693,0.856783418512941
1.0721824681717067,1.2820886465790375,-0.13012920398694705
1.077059089806828,1.8071978924762613,0.7766680675805873
1.0924104666119787,1.7338359425214487,0.720552747337176
1.1500532162778236,1.6286358078216534,0.04771833245108992
1.7303359481854816,1.366628828047226,0.915143587547643
1.102907785583621,0.8330170828703387,0.8808759711585008
1.2006450289892938,3.5910176707349493,0.6860352648633841
1.2010115896401974,0.5398343822334576,0.7400387986531152
1.201497897002065,0.8771345232116577,0.8428094211550046
1.2027672305280248,2.474246593110191,0.4850335085740918
1.2071171201345747,0.8836788321431331,0.8436134054646136
1.2193016643601584,2.3675627500496463,0.4802467848815173
1.2634113155405071,0.9520796768320965,0.8456677853447501
1.554794180499951,1.7477013408007835,0.43114894016178584
1.1402708090415707,1.9269694029911708,0.8647163388360026
1.7774244931152512,2.2687967935964712,0.4268957766573316
1.269798897999921,3.76208886967929,0.6035309736950192
1.6508066741604888,0.5144977341227983,0.7495211054462578
1.1155398679741215,0.7763380906707169,0.8582461577098528
1.2853925225006317,3.0887880096162594,0.07958136427276563
1.2023273739456943,1.6246375616599458,0.7587193897119509
1.0719564391599752,2.5780058766672904,0.6355652638998888
1.0759542931189339,2.246293446878215,0.6933035685252418
1.0882229025578218,1.05760989240434,0.7567745683213163
1.1329741904176729,1.2331218557669874,0.8684427188971315
1.5075057681005835,1.568054843912585,0.5241797962013763
1.5286255310970631,3.1644795364821623,0.30826921105606053
1.1496218034602084,1.5723928703154109,0.8912322024183217
1.7762122811190095,3.116175638494484,0.7650234558060021
1.0973451348768324,1.611758514443686,0.8822814037129698
1.1721089110834242,2.7027997180993504,0.6970171096519098
1.3345446303188853,2.0191163869059863,0.7640620882820324
1.3976684699016322,1.312765396969902,0.8808468151843485
1.5665449172453185,0.7452246703795317,0.6855320704761796
1.4022098732940773,2.418127892006097,0.7402687213932722
1.2426528001284505,2.706850297168004,0.84241785905468
1.1289757683790307,0.7640917394963448,0.49718684461005447
1.4320982420726298,2.755693288964024,0.8383806707256043
2.0120390300461177,1.9458716809515189,0.5627658627583745
1.2303160005604818,1.4369006614409199,0.7954750440531275
1.3110462716698863,0.9659237360108325,0.9258168674541141
1.53894435931881,1.6498031500715422,0.9173412408950596
1.4489713502463593,2.4010783948033785,0.8883716608958261
1.1949346413226862,2.7811304516762108,0.7468116223615484
1.2203354490837597,0.7332864825952848,0.8537038828706127
1.2670078879508655,2.228027558602062,-0.12462460782388485
1.610474681122002,4.607421162724635,0.9209959180019223
1.1246425971216818,0.45341491180549653,0.9009557114977944
1.3724599010499796,0.5583041586629883,0.8193050780476283
1.435382627950511,0.9590609592925331,0.7170194592067916
2.1147810610628173,1.685630284070047,-0.35821348225822724
1.2227957050291371,2.198163224012654,0.9256299670802335
1.2761092809718835,6.970851244862354,0.9165582518611866
1.8288280916893638,0.41017630137079975,0.8851055154217868
1.0925701737659148,0.4181964543069883,0.7222293691604555
1.1515214397040625,0.4462178347037287,0.8124168855204235
1.6628259061309085,0.530672099956281,0.7522886084401741
1.1140367738391204,0.8407830102265386,0.5938054894986939
1.2712483634240732,3.2630561296629437,0.7622345988172026
1.1769651737158486,0.5944085613873777,0.8780732743710504
1.3014778645822198,1.1336024120180412,0.6559393399842992
1.6548820792620849,0.45894649065460497,0.6651012128041414
1.322224405478661,0.5770296078033446,0.6882893881292658
1.4543585234385406,1.0410635588952748,0.7439385866869823
1.9643137816600929,1.2928930615346834,0.849411785148954
1.0847811265983733,1.8574071368316425,0.28924712150821086
1.1195297341305799,1.6130787749043327,0.8945210859010417
1.3212242072789977,1.3324078331417215,0.7843333665586452
1.276497162848424,0.7776398509495828,0.9096863385862781
1.1850726685197157,3.121515878734244,0.859213513405297
1.259062864106924,1.6043184777596422,0.19100636739131494
1.5035480179327365,2.7549661263046104,0.7377703018663069
1.1620757846961476,1.9489310413722887,0.4627330792700297
1.437162385514525,1.4225570521644562,0.8529392021280988
1.2047153241682975,0.9402439012393276,-0.000675625467359442
1.075380877808743,1.8148092801679645,0.9173962232435726
1.0867659004898689,1.727248851212849,0.8882286714792287
1.12640178611318,1.6124935710773596,0.74454460765472
1.3976193091667526,1.323996889135587,0.8497278326998658
1.5599683304817482,0.7680477119947902,0.2696064057026044
1.412639777768888,2.8432246385979543,0.8970707777422866
1.22908259975218,1.8375031720657269,0.7996232348160266
1.109675433029341,1.6660988926686249,0.7979389221315225
1.2406282670196838,1.4483894001820483,0.7943929660926845
1.126836585872111,0.9884704217412934,0.7851919858007066
1.4022366062499654,1.527710671903519,0.7537658378263241
1.590180381117704,4.092361121978362,0.6006107817142119
1.3750984550312866,1.2541780811055963,0.7549868442537588
1.2838927073283248,1.6709393242380537,0.8662162053238405
1.1992585847662094,2.2797521257654725,0.47595236708440103
1.207092757364787,3.5729811182854907,0.5185232512920332
1.21893414405967,0.5407626064535621,0.8272002228160704
1.262998189548568,0.8844825237623481,0.6710828736623833
1.546772100898467,2.3628789313266587,0.5751946179159895
1.143205339926018,0.95875854175184,0.15975207468574926
2.1096002638175357,1.7077379448650043,0.7443876604509063
1.2218403468024512,2.0867965453184354,0.527948209169989
1.2730171446651735,3.233698861438205,0.8208497498896163
1.7198401577337654,1.5395981018603788,0.711636126418487
1.1047613372094094,3.7282302742813123,-0.2023899260430877
1.210122201909081,1.3365505389145997,0.7824863813589324
1.0820758761607452,2.117811665842104,0.7443595311654239
1.109817200283865,1.182185844842929,0.5275796769872421
1.2434027952027673,0.5361290541014743,0.8217306228535273
1.130989452279548,0.8644801125591545,0.7050762571096219
1.469759428742,2.654943979720872,0.20944459319345543
1.7555591484524538,0.7864514400994727,0.7340313384208665
1.1001027371124694,3.3765949708392897,0.4136410924763152
1.186474121592517,1.4674525701004177,0.8692565069671785
1.2527569503430314,3.6364330319891014,0.5361642164142788
1.4446485464089867,0.5323227048763475,0.18327713001993362
1.197887309019092,0.845863438499967,0.9062239993898467
1.2104102973221218,3.0626598185748084,0.8435879600875575
1.2317127306348583,0.6400473956692209,0.47172560270405395
1.3180134133738497,1.3967415085561556,0.8497529769328798
1.480508225895794,0.8957046682428869,0.26939933681983996
1.6539824175371582,2.2240254230074123,0.897342967353348
1.115686281032077,1.0670788975395484,0.7996312029943349
1.2846101350328156,1.1943736859514105,0.7979963145595843
1.2008291939869633,1.4168301863208033,0.7963979720683774
1.2013237934724268,2.776094988597725,0.79018279007393
1.2020720142577812,0.7334800489220269,0.772150436786057
1.2047364481581893,2.2368607449931583,0.7001477609518907
1.2127648883276447,4.377122735713625,0.32401279032893027
1.239377801527177,0.46354699324195364,0.6890611263775739
1.3558598952191165,0.592012329440148,0.4642465463550123
1.32600330312131,1.1180555532815544,0.5411976494091844
1.2892026949302888,0.4332692775310658,0.8122753813400247
1.2087858074907982,0.49473188806402096,0.752122371116668
1.0805470001457758,0.7038735915327129,0.5909820175115568
1.1041874880015843,1.885735321432213,0.7662433381825859
1.2079366900180948,2.100915363328165,0.8833618577187559
1.0791831143726411,3.3417356184275246,0.7080199629657415
1.099292919504312,1.48519069788672,0.7859444971624896
1.1822559381210584,4.338513364238299,0.9118069265945807
1.2744193252398974,0.4681846459966016,0.8678446068391579
1.757998169090161,0.6055779011273255,0.5114282792135221
1.0993341398670686,1.1918580017916796,0.38768256367705334
1.1829284991933084,0.5509418463716605,0.8763287620956708
1.270147009558398,0.9262755562352104,0.6378877530811486
1.6720305663616657,1.9389276182247392,0.6053404405330671
1.1110730953541328,1.4495110786687193,0.4560031225411969
1.2508898188243929,0.9912315130627833,0.5614776698575736
1.1420345340332647,1.5172777431143318,0.7959700815288211
1.919709903604822,4.621888544140273,0.9261302774898874
1.242271071646522,1.1982625523698305,0.9180071676020616
1.3736632973665435,1.4358512682922757,0.8911160268575324
1.2863870280236305,3.035765263273951,0.76415188706853
1.2042976709002227,0.6452887599548008,0.8802328829311816
1.0744870448197583,1.4223849017249686,0.6795906184643585
1.0838821258722224,0.9426340903216366,0.7248726547029893
1.1168591274582467,1.7992321038392942,0.8167856246859615
1.2949686272864036,1.7689933563014992,0.7318193424504695
1.22067948644297,1.7198040660154104,0.3752799907325248
1.0970817128908734,1.5944559507509228,0.8781087369964145
1.170856284752739,1.2803796164747134,0.6585815805418864
1.3455646158176815,0.6925728166345371,0.6702074955783113
1.355191593806359,1.7904959486486345,0.7006664716237063
1.3703493577649735,1.794855704032934,0.7709949050667635
1.4217687560708259,1.801091373880596,0.8909719068430055
1.7861230867620825,1.8185879677039536,0.763902359268245
1.2677524863135508,1.869351791436298,0.8800390660969464
1.6162151987914608,2.048213528677071,0.675811434357336
1.1230883932899127,2.928737250919727,0.7174683071317955
1.3542634295475329,1.7601858970084372,0.8022470215934918
1.366023342872885,1.9008108216072048,0.7884593743937469
1.4064583435891618,2.1800878735895504,0.7653381032545978
1.6308979535615782,5.356082878716064,0.6696841848280481
1.3396666072821954,1.1473074969718506,0.583155940253365
1.3757669810573687,1.2495760272189598,0.26956716590345486
1.4482965689072387,1.6413606449360945,0.7139634295084649
2.2426144776130714,2.478881197017849,-0.8187400525387041
1.0760466362718721,2.503461478596946,0.7953106589491235
1.0891922193110795,0.8659648146805459,0.7883201298810754
1.1367859247291527,2.640046115998165,0.7649839626754029
1.608607049542114,0.7955338971523622,0.6690508690549308
1.3588293402429235,3.812107543353695,0.5926263790013833
1.3195690330984093,1.3193670630020669,0.3660443569621896
1.2726622266593854,2.001128942022847,0.6624101742399131
1.1794188557644045,1.3474728495891968,0.6179222814678424
1.2875339970602024,0.8065177907846331,0.5238458988681174
2.2763387333184566,5.223158100839171,0.31132064718482955
1.2149203793196377,1.1417237810474654,0.8910951597960846
1.246759286478712,1.234658681603222,0.7631501911166232
1.4009847988608755,1.5774458802811062,0.8792147635722338
1.2441490077251705,3.0255489461377185,0.6663809153600282
1.1318042737214093,1.680422928786662,0.6929505660886832
1.4821740665389092,2.236443091801322,0.7562376145781677
1.6489544584357634,4.339025729269073,0.8692409188885224
1.1160107488313016,0.4660074533069784,0.5356918032821085
1.288447147014399,0.5990932532401458,0.19481102826194419
1.2076311873119163,1.1524353038717792,0.9047110541054191
1.0788475594116818,0.4905793336547242,0.8366351089772217
1.0984326337258739,0.683976349139851,0.5790548986074715
1.1778966716667973,1.7137384618871436,0.7799134737339339
1.2964162295870183,1.5692592206167364,0.9036151470152003
1.7500951797987396,1.2345966307630265,0.8319173734055885
1.2793158792523442,0.6208909990544925,0.62894896791579
1.9622051261759672,1.2793991214366702,0.7100832721378918
1.0843380374751266,0.6898380441735138,0.7892935418742566
1.117567565188801,1.7587516205772202,0.9167198446741289
1.301345882868685,1.6984614009471817,0.8858209547059528
1.23346263333684,1.5384259455698892,0.7258482187057516
1.1157101022366813,1.1681865162273932,0.8174852290217658
1.2843294956965912,0.5117333671008936,0.7268366418247518
1.2005144051160932,0.7656129659508709,0.2723017941332453
1.2020894611976978,2.768129513691862,0.8963721995927283
1.2046642383483883,1.9379297108182267,0.7948751609394642
1.2114009098196514,1.4510530977114389,0.9247382640640702
1.23479802707563,0.9965280885283345,0.9134876343039977
1.33336552538252,1.4954604521269517,0.873758770150455
1.4005536109192105,5.027088965132322,0.6048057968903955
1.5851774312647138,0.43481575270802786,0.4502444056304873
1.3822333964049955,0.4963339014840974,0.5696482891348063
1.272909342599031,0.7091011622324862,0.7891955507880286
1.1790354819454747,1.959242371961141,0.9166711579974123
1.2907983933841085,2.4087235349874283,0.8859924698619315
1.9835805729719074,2.74447993475239,0.7266921941098878
1.2332032356610143,0.7445785099037986,0.8200792889554123
1.3241070872409066,2.3981174839581283,0.714951801310439
1.4456925758888013,2.7969478144717814,-1.1433943467953278
2.4254009291135366,0.7265985747245091,0.7980390978515106
1.073833058927866,2.128201450430607,0.7966536934980111
1.0817349008949362,3.7240328145851906,0.792383410060705
1.1082183762150284,1.3404438820493014,0.7781907719439363
1.2307653517469799,2.129431777379602,0.7285410834630603
1.1118126999719518,1.1702961536653145,0.31373803957354784
1.2560454644895316,0.5157155321921102,0.8903331998142816
1.1502999941930432,0.7800899873750475,0.7582219205996918
1.7213497821369863,3.175681153331488,0.8721774255624071
1.1043059782165014,1.5655746913821227,0.5811316728384079
1.2078169918461765,3.1992196475358283,0.2372294134349966
1.0784851358056895,1.5592344102592748,0.7245379815082726
1.097282194316585,3.293275159509714,0.20500492523869918
1.1724955632493455,1.500814092269752,0.9042461861435649
1.3331767060943753,6.065554454733387,0.8343256120460385
1.399185338570536,0.4164271732249881,0.6096978842631231
1.5733073623318607,0.4389969999889305,0.7435907105967463
1.3987353726811225,0.5105844202192207,0.8486087336859847
1.2461996980866017,0.757900859150145,0.32389094940862373
1.1346749626225978,2.6065406949283303,0.8888117127906372
1.5496975338116272,2.1885979887377727,0.7488863960574585
1.4266926422220376,1.106497833748733,0.8574515860593759
1.214996121674113,0.41591950830595054,0.01246514915985153
1.089161136252342,0.43585086716909216,0.7677347264626206
1.1367727430001167,0.49998542489273495,0.6817277706540579
1.6180348540914853,0.7193611526164125,0.5205893785885873
1.3480742150944467,2.054825895367951,0.32707287924520045
1.3468459510088466,2.97772619902791,0.8883024106234638
1.3429483670576896,1.7073035895400477,0.7447578496108316
1.3313005246834053,2.091411084922387,0.8501475628030819
1.3013877188035556,3.32720452701981,0.25323268269836974
1.2332240639302263,1.497598746535841,0.8990381531849094
1.114583453031988,5.629513271030641,0.8092863972336732
1.2749420931897446,0.4200327342589977,0.7650452947347259
1.182389065040615,0.45152070368066327,0.6685055145411489
1.2727680209279533,0.5513858428780202,0.5905960050118071
1.713205481022999,0.9286718810768075,0.35383072580885444
1.106062660065023,1.9152584814488365,0.6716216907485226
1.2191368662639566,1.498356004359394,0.5773461741008601
1.094546841759373,1.089466131333452,0.1903559459295474
1.1592806755903986,1.126034705232696,0.738994654233095
1.4699617687752224,1.1818303001920092,0.4708307792785318
1.180568006132995,1.3734650391063188,0.8496832487751438
1.2813426481885748,2.372050364655366,0.28125587514672046
2.1650230274048337,0.9451560549638808,0.8953124178466043
1.0778262398084277,1.7920273944437908,0.7889866395564609
1.0949198305006398,1.7904006323118098,0.9164566798751863
1.1622866067141249,1.7963101114227251,0.8848573723135671
1.4336228740050196,1.809479364029822,0.7191052949080525
1.2081512111175665,1.8308855365126626,0.805992901841758
1.079818480495088,1.910340433227457,0.7754946759875336
1.101459623461646,2.200992282822985,0.7154322542168987
1.1936618097788856,6.415077725346028,-1.005939491636124
1.2238866198206642,0.412730830243083,0.9288419389414593
1.2810733611352538,0.428428371327135,0.9266144902969424
2.0622416113037056,0.47689356125091226,0.919425176548035
1.0808311931485255,0.6400638843123747,0.8954015682771239
1.1046078006424171,1.3926478409781042,0.7893215383410181
1.2106865926937247,0.8852647306261797,0.9168911281954288
1.0829385257909607,2.344973077723659,0.8869877394420214
1.1124872174373543,0.9706329629721168,0.734421788839037
1.2608913559250037,1.6242382164858822,0.8338163178915006
1.1587589051537504,2.5832779324695836,0.6137986931300792
1.4814158673166846,2.2326142412369947,0.7342434236946094
1.173472900841199,1.0656033373022034,0.834088849376069
1.3235961072384559,1.2072659597751267,0.6123718537229421
1.4458436965941635,1.4781471648218825,0.7386295616238927
2.402328406228488,4.1762408808508695,0.8401819855715353
1.0744527288407009,0.4786785988153396,0.5320966548691843
1.0838403861681798,0.6458682480160723,0.8174813008446133
1.116595940326388,1.4332526340436023,0.726410648658202
1.2924023764891235,0.9598886001200607,0.2469714905037681
1.2162519345008527,1.6904121240350336,0.8993866712646661
1.0905756596761282,2.1889064343509115,0.8109770028016692
1.1416229970211875,5.853268301167078,0.758803119141434
1.9048354366685418,1.1247638758154832,0.6340322730737145
1.243106082780495,1.1726670450694354,0.6992076236629181
1.3779101886222,1.340778583356224,0.7685629211972971
1.2799055129369004,2.1440132123745435,0.8877260848905513
1.191839035746999,1.1598698504590277,0.7421655626442529
1.231015022651214,0.49833192998807047,0.8463523650578266
1.3107473578564641,0.715787742652838,0.40669389368458564
1.546677325041602,2.01823736138277,0.8710136318583024
1.4357676126965289,2.731995406824283,0.5695873358058037
1.2065283924215575,1.985901118527392,-0.02239279556306384
1.0775971942382574,1.361606350599563,0.7702375414110669
1.0949539661377876,0.8320595029651442,0.6941670176106922
1.1615905559658581,3.5133592438945733,0.4050120462341884
1.440279884950816,0.5485591624073514,0.6286311182158979
1.2027353824804659,0.9137993439997437,0.7094892408142577
1.0726836681689766,2.0332898283494996,0.7888632056691647
1.0785153640620833,1.2968830520561696,0.9167589170081112
1.0979045409148473,0.7179916239376108,0.8864027403224959
1.1747184312387395,2.035529141912597,0.7299284462388409
1.3188695718372347,2.8109490476336254,0.8266212786024647
1.4792216051031535,1.883405342017668,0.6722738197050795
1.662257344111075,1.5594256416472696,0.5741922666683432
1.1141644757702966,1.2146211496851562,0.11809878802969176
1.2713907367127881,0.5883415246036362,0.7522635522790022
1.1767092125416712,1.0982801078703017,0.5923477536080282
1.3054290315715358,1.0977736780127254,0.765268827923075
1.5982533283345675,1.097503314913854,0.882147373043235
1.369308495987835,1.0895415544249687,0.6965773456672473
1.297601604150737,1.0700437809682126,0.763544414537469
1.2261521482724067,1.0125895307112456,0.8798890904640122
1.1047685114949677,0.8594203601782318,0.676755875253267
1.2110127699450173,0.5066489478390653,0.7186714261267195
1.0834146046219306,-0.13138237973802938,0.8061998095939298
1.1145497885376,0.28301882629249264,0.7761371811124247
1.2774979247503282,0.5238568634685679,0.7191279778886732
1.187072785728319,-0.10468395048051013,-0.050325323124964516
1.250898623097371,0.40953051091230475,0.9188316256844404
1.429683065745808,-0.2810461670402326,0.893829672627277
1.212000811785078,-0.2667715666096353,0.7808199140186012
1.0850389356856078,-0.22435050278177798,0.9050582528505948
1.1206242458380715,-0.08425529076476669,0.8386464654635564
1.3277499277780744,0.5146308104724365,0.5544642900495143
1.2925370299497132,-0.11948861842470943,0.8016347410732925
1.2152153804040602,0.3356372512881219,0.791674560601427
1.08904559141012,0.7379725864626644,0.7764283614661396
1.1358497898938937,0.2649018080808641,0.7195196828688983
1.5820864625421853,0.4558415769561665,-0.08363125765061419
1.3861535742444409,-0.2106614212641715,0.9205635467561875
1.2648866813173723,-0.034625111261881975,0.8996161363670876
1.1664219236760307,0.8235650623655243,0.8121028729667643
1.3853961625707478,0.4309130401067064,0.7525661197281435
1.265669811943051,-0.24791295019991488,0.5964631796570994
1.16769227909821,-0.16477562199076787,0.7590183735301979
1.3726638442702381,0.13916110369510554,0.8731304768564503
1.287659696357374,0.05748071014222572,0.5966907207084946
1.2057367054323644,-0.15277098677095338,0.4070581756221081
1.0757766061739211,0.18706053031827968,0.6273848169719269
1.0882707717105835,0.19649293607292503,0.7095172325915573
1.1332331990837041,0.22691328354256843,0.7891380229231624
1.5179831545022442,0.3223633231579838,0.9166825748395482
1.4991193467275095,0.6818051167279858,0.8862543184390821
1.1636337204728238,0.16180602588266932,0.7295924848161177
1.414990929192049,0.120387500836809,0.8255528423037284
1.2276784735136705,0.007374482442334294,0.6803409064588004
1.10728588780416,-0.27165527028996694,0.5292978848390022
1.226235791485957,-0.23829748132751352,0.2680117183272277
1.1055463100549627,-0.1321867296035622,0.8970203899843556
1.2144430715787211,0.27785522101642496,0.7989149453093656
1.0880887490742568,0.5044685115120645,0.9297067530373577
1.1332637142266022,-0.1368120515194383,0.9288249956359986
1.5091865156696211,0.2556921927135002,0.9265145672823858
1.5231271391654069,0.42146427903778405,0.9191674340230391
1.1530506859191456,-0.2642547405805232,0.89444435624907
